recommendation_id,factory_id,factory_name,emission_source,problem_identified,recommended_solution,circular_strategy,estimated_co2_saving_kg,estimated_cost_saving_inr,implementation_cost_inr,difficulty,priority_level,status
GR001,F002,GreenPack Plastics,virgin plastic,Low proportion of post-consumer recycled content in non-food container blow molding,Incorporate food-grade rPET resin layers in multi-layer co-extrusion thermoforming,Reuse,11820.9,117343.99,133974.65,Hard,High,In Progress
GR002,F002,GreenPack Plastics,electricity,High peak-hour grid electricity demand during factory daytime extrusion operations,Install ceramic aerogel thermal insulation blankets on all extruder barrel heaters,Renewable Energy,14389.9,208517.74,350605.67,Medium,High,Suggested
GR003,F002,GreenPack Plastics,electricity,Hydraulic injection presses equipped with continuous-speed fixed displacement motors,Install 120 kWp rooftop solar PV panels to offset daytime utility grid energy,Renewable Energy,8222.6,140231.56,189540.64,Medium,Medium,Implemented
GR004,F002,GreenPack Plastics,recycled plastic,Thermal oxidation of recycled polymer chains causing brittle finished container walls,Incorporate specialized reactive chain extenders and thermal stabilizer masterbatches,Process Optimization,2789.5,155759.47,77397.82,Easy,Medium,Suggested
GR005,F002,GreenPack Plastics,recycled plastic,Thermal oxidation of recycled polymer chains causing brittle finished container walls,Establish strict incoming optical flake sortation and melt-flow quality gatekeeping,Process Optimization,931.9,145028.53,124982.29,Easy,Medium,In Progress
GR006,F002,GreenPack Plastics,virgin plastic,Heavy reliance on virgin high-density polyethylene granules causing high carbon intensity,Substitute 45% of virgin polymer resin with certified post-consumer recycled (PCR) pellets,Reuse,5853.0,493271.13,182612.58,Hard,High,Implemented
GR007,F002,GreenPack Plastics,transport fuel,Unconsolidated less-than-truckload shipments causing excess diesel van runs,Replace aging diesel delivery vans with electric light commercial transport vehicles,Process Optimization,1451.8,311395.6,39704.08,Medium,Medium,Suggested
GR008,F002,GreenPack Plastics,electricity,Hydraulic injection presses equipped with continuous-speed fixed displacement motors,Install ceramic aerogel thermal insulation blankets on all extruder barrel heaters,Renewable Energy,13928.0,622571.92,193211.31,Hard,Medium,Suggested
GR009,F002,GreenPack Plastics,packaging waste,Excessive cardboard separator sheets damaged during warehouse forklift handling,Adopt reusable elastic pallet cargo wrap bands replacing single-use stretch film,Reuse,2646.8,159191.21,64069.57,Easy,Medium,Suggested
GR010,F002,GreenPack Plastics,packaging waste,Excessive cardboard separator sheets damaged during warehouse forklift handling,Adopt reusable elastic pallet cargo wrap bands replacing single-use stretch film,Reuse,2820.7,118316.37,62454.88,Easy,Medium,In Progress
GR011,F002,GreenPack Plastics,recycled plastic,Inconsistent melt flow index and volatile moisture in sourced recycled plastic flakes,Incorporate specialized reactive chain extenders and thermal stabilizer masterbatches,Process Optimization,3727.8,128768.43,89176.14,Easy,Low,In Progress
GR012,F002,GreenPack Plastics,recycled plastic,Thermal oxidation of recycled polymer chains causing brittle finished container walls,Deploy vacuum desiccant hopper dryers ensuring constant dew-point moisture extraction,Process Optimization,893.6,249718.32,92029.29,Medium,Medium,In Progress
GR013,F002,GreenPack Plastics,electricity,Hydraulic injection presses equipped with continuous-speed fixed displacement motors,Install ceramic aerogel thermal insulation blankets on all extruder barrel heaters,Renewable Energy,12829.9,183967.18,113554.44,Easy,Medium,Suggested
GR014,F002,GreenPack Plastics,recycled plastic,Inconsistent melt flow index and volatile moisture in sourced recycled plastic flakes,Incorporate specialized reactive chain extenders and thermal stabilizer masterbatches,Process Optimization,1729.0,123135.51,95229.11,Medium,Medium,In Progress
GR015,F002,GreenPack Plastics,virgin plastic,Heavy reliance on virgin high-density polyethylene granules causing high carbon intensity,Down-gauge packaging container wall thickness by 18% through micro-cellular foaming,Reuse,11910.1,436096.77,230230.66,Hard,High,Suggested
GR016,F002,GreenPack Plastics,transport fuel,Inefficient logistics dispatch routes with high city center idling traffic,Deploy dynamic route clustering and pallet payload optimization dispatch software,Process Optimization,4519.6,314051.34,57429.26,Easy,Medium,Implemented
GR017,F002,GreenPack Plastics,electricity,Hydraulic injection presses equipped with continuous-speed fixed displacement motors,Retrofit servo-hydraulic pump drives on injection machines cutting motor idle power by 40%,Renewable Energy,16092.4,211469.51,273581.02,Medium,Medium,In Progress
GR018,F002,GreenPack Plastics,diesel generator,Backup diesel generator running during routine grid frequency dips and peak tariff hours,Implement load management sequencing to eliminate generator idling between production runs,Reduce,1485.9,245928.35,171902.58,Medium,Medium,In Progress
GR019,F002,GreenPack Plastics,recycled plastic,Thermal oxidation of recycled polymer chains causing brittle finished container walls,Deploy vacuum desiccant hopper dryers ensuring constant dew-point moisture extraction,Process Optimization,969.7,68097.89,84658.62,Easy,Low,In Progress
GR020,F002,GreenPack Plastics,water usage,Single-pass cooling water dumped to municipal drain from extruder calibration vacuum tanks,Install electro-magnetic water conditioners and dual-media sand filters on cooling towers,Resource Recovery,584.5,108871.47,54686.87,Easy,Low,Implemented
GR021,F002,GreenPack Plastics,recycled plastic,Thermal oxidation of recycled polymer chains causing brittle finished container walls,Incorporate specialized reactive chain extenders and thermal stabilizer masterbatches,Process Optimization,4800.6,194509.69,42638.43,Medium,Low,Implemented
GR022,F002,GreenPack Plastics,plastic scrap,Continuous film edge trims routed into waste dumpsters rather than back into production,Implement rapid chemical purge compound protocols cutting color changeover scrap by 60%,Recycle,4696.4,390083.02,131168.64,Medium,Medium,In Progress
GR023,F002,GreenPack Plastics,diesel generator,Sub-optimal diesel fuel combustion caused by uncalibrated mechanical injector pumps,Implement load management sequencing to eliminate generator idling between production runs,Reduce,6896.3,121114.97,178053.8,Medium,Medium,Suggested
GR024,F002,GreenPack Plastics,recycled plastic,Thermal oxidation of recycled polymer chains causing brittle finished container walls,Deploy vacuum desiccant hopper dryers ensuring constant dew-point moisture extraction,Process Optimization,3359.8,102467.6,37484.66,Medium,Medium,Implemented
GR025,F002,GreenPack Plastics,diesel generator,Sub-optimal diesel fuel combustion caused by uncalibrated mechanical injector pumps,Perform injector recalibration and fit exhaust particulate filter traps on diesel genset,Reduce,6585.1,209737.04,201710.88,Medium,High,In Progress
GR026,F002,GreenPack Plastics,water usage,Mineral scale accumulation in open cooling towers causing frequent water blowdowns,Install closed-loop recirculating chiller with plate heat exchangers for calibration baths,Resource Recovery,2375.3,30895.95,100997.9,Medium,Medium,In Progress
GR027,F002,GreenPack Plastics,plastic scrap,Continuous film edge trims routed into waste dumpsters rather than back into production,Install closed-loop beside-the-press granulators pneumatic re-feeding system,Recycle,5940.2,319794.65,122714.33,Easy,High,In Progress
GR028,F002,GreenPack Plastics,diesel generator,Backup diesel generator running during routine grid frequency dips and peak tariff hours,Implement load management sequencing to eliminate generator idling between production runs,Reduce,6014.4,294819.71,62805.47,Hard,Medium,Suggested
GR029,F002,GreenPack Plastics,plastic scrap,High polymer purge scrap during color transitions on extrusion lines,Establish centralized heavy-duty shredder and twin-screw compounding pelletizer,Recycle,6044.5,188073.14,114354.29,Easy,Medium,Suggested
GR030,F002,GreenPack Plastics,virgin plastic,Low proportion of post-consumer recycled content in non-food container blow molding,Down-gauge packaging container wall thickness by 18% through micro-cellular foaming,Reuse,5571.0,509641.06,211995.14,Medium,High,Suggested
GR031,F002,GreenPack Plastics,recycled plastic,Thermal oxidation of recycled polymer chains causing brittle finished container walls,Deploy vacuum desiccant hopper dryers ensuring constant dew-point moisture extraction,Process Optimization,2127.9,139668.96,156641.02,Medium,Low,Implemented
GR032,F002,GreenPack Plastics,recycled plastic,Inconsistent melt flow index and volatile moisture in sourced recycled plastic flakes,Establish strict incoming optical flake sortation and melt-flow quality gatekeeping,Process Optimization,4901.7,179647.25,36458.76,Medium,Low,Suggested
GR033,F002,GreenPack Plastics,water usage,Mineral scale accumulation in open cooling towers causing frequent water blowdowns,Install closed-loop recirculating chiller with plate heat exchangers for calibration baths,Resource Recovery,1577.5,48698.28,61301.83,Medium,Low,Implemented
GR034,F002,GreenPack Plastics,diesel generator,Sub-optimal diesel fuel combustion caused by uncalibrated mechanical injector pumps,Perform injector recalibration and fit exhaust particulate filter traps on diesel genset,Reduce,1528.7,235810.65,196327.18,Medium,Medium,Suggested
GR035,F002,GreenPack Plastics,virgin plastic,Heavy reliance on virgin high-density polyethylene granules causing high carbon intensity,Substitute 45% of virgin polymer resin with certified post-consumer recycled (PCR) pellets,Reuse,10991.9,220829.85,80804.42,Hard,High,Suggested
GR036,F002,GreenPack Plastics,transport fuel,Inefficient logistics dispatch routes with high city center idling traffic,Replace aging diesel delivery vans with electric light commercial transport vehicles,Process Optimization,4300.9,184528.33,110067.43,Easy,High,In Progress
GR037,F002,GreenPack Plastics,packaging waste,Single-use polyethylene pallet stretch film and disposable timber skids discarded after shipping,Transition customer deliveries to returnable high-density polyethylene foldable pallet boxes,Reuse,767.7,206260.97,46640.15,Easy,Medium,In Progress
GR038,F002,GreenPack Plastics,water usage,Single-pass cooling water dumped to municipal drain from extruder calibration vacuum tanks,Install electro-magnetic water conditioners and dual-media sand filters on cooling towers,Resource Recovery,2511.4,120120.19,34914.83,Medium,Medium,In Progress
GR039,F002,GreenPack Plastics,diesel generator,Sub-optimal diesel fuel combustion caused by uncalibrated mechanical injector pumps,Install hybrid solar-lithium battery storage system to buffer short utility interruptions,Reduce,6056.7,318255.59,136875.89,Hard,Medium,In Progress
GR040,F002,GreenPack Plastics,water usage,Single-pass cooling water dumped to municipal drain from extruder calibration vacuum tanks,Deploy digital pulse water meters with automated anomaly leak detection alerts,Resource Recovery,2630.7,35555.31,97476.29,Medium,Low,Suggested
GR041,F002,GreenPack Plastics,plastic scrap,High polymer purge scrap during color transitions on extrusion lines,Install closed-loop beside-the-press granulators pneumatic re-feeding system,Recycle,7537.0,294631.66,117155.93,Medium,Medium,In Progress
GR042,F002,GreenPack Plastics,plastic scrap,Continuous film edge trims routed into waste dumpsters rather than back into production,Establish centralized heavy-duty shredder and twin-screw compounding pelletizer,Recycle,5935.0,323097.65,46424.0,Easy,High,Implemented
GR043,F002,GreenPack Plastics,electricity,Uninsulated electric resistance heater bands on extruder melt cylinders,Install 120 kWp rooftop solar PV panels to offset daytime utility grid energy,Renewable Energy,3388.7,608028.55,513516.04,Medium,Medium,Implemented
GR044,F002,GreenPack Plastics,packaging waste,Excessive cardboard separator sheets damaged during warehouse forklift handling,Transition customer deliveries to returnable high-density polyethylene foldable pallet boxes,Reuse,4209.5,58250.84,90608.07,Medium,Medium,Implemented
GR045,F002,GreenPack Plastics,packaging waste,Single-use polyethylene pallet stretch film and disposable timber skids discarded after shipping,Adopt reusable elastic pallet cargo wrap bands replacing single-use stretch film,Reuse,1716.9,42910.72,98413.51,Easy,Medium,In Progress
GR046,F002,GreenPack Plastics,diesel generator,Backup diesel generator running during routine grid frequency dips and peak tariff hours,Perform injector recalibration and fit exhaust particulate filter traps on diesel genset,Reduce,5716.1,194223.79,187320.76,Hard,Medium,In Progress
GR047,F002,GreenPack Plastics,recycled plastic,Inconsistent melt flow index and volatile moisture in sourced recycled plastic flakes,Incorporate specialized reactive chain extenders and thermal stabilizer masterbatches,Process Optimization,3561.8,71703.43,47738.01,Easy,Medium,Suggested
GR048,F002,GreenPack Plastics,recycled plastic,Inconsistent melt flow index and volatile moisture in sourced recycled plastic flakes,Incorporate specialized reactive chain extenders and thermal stabilizer masterbatches,Process Optimization,2426.4,129518.57,63474.93,Easy,Medium,Implemented
GR049,F002,GreenPack Plastics,transport fuel,Unconsolidated less-than-truckload shipments causing excess diesel van runs,Replace aging diesel delivery vans with electric light commercial transport vehicles,Process Optimization,5813.1,227439.94,72659.03,Medium,Medium,Suggested
GR050,F002,GreenPack Plastics,electricity,High peak-hour grid electricity demand during factory daytime extrusion operations,Retrofit servo-hydraulic pump drives on injection machines cutting motor idle power by 40%,Renewable Energy,14544.0,510524.68,224548.41,Hard,High,In Progress
GR051,F002,GreenPack Plastics,virgin plastic,Heavy reliance on virgin high-density polyethylene granules causing high carbon intensity,Substitute 45% of virgin polymer resin with certified post-consumer recycled (PCR) pellets,Reuse,4410.6,367368.56,254581.7,Medium,High,Implemented
GR052,F002,GreenPack Plastics,virgin plastic,High raw polymer resin purchasing expenditure prone to petrochemical price swings,Down-gauge packaging container wall thickness by 18% through micro-cellular foaming,Reuse,11726.4,225319.39,239670.59,Hard,High,Suggested
GR053,F002,GreenPack Plastics,packaging waste,Excessive cardboard separator sheets damaged during warehouse forklift handling,Transition customer deliveries to returnable high-density polyethylene foldable pallet boxes,Reuse,3503.4,52861.73,42225.12,Easy,Medium,Suggested
GR054,F002,GreenPack Plastics,packaging waste,Excessive cardboard separator sheets damaged during warehouse forklift handling,Transition customer deliveries to returnable high-density polyethylene foldable pallet boxes,Reuse,1942.1,127040.42,109389.46,Easy,Low,Suggested
GR055,F002,GreenPack Plastics,electricity,High peak-hour grid electricity demand during factory daytime extrusion operations,Install 120 kWp rooftop solar PV panels to offset daytime utility grid energy,Renewable Energy,9174.1,181998.63,470087.49,Hard,High,In Progress
GR056,F002,GreenPack Plastics,transport fuel,Unconsolidated less-than-truckload shipments causing excess diesel van runs,Replace aging diesel delivery vans with electric light commercial transport vehicles,Process Optimization,1186.7,195909.93,54012.49,Easy,High,Implemented
GR057,F002,GreenPack Plastics,transport fuel,Inefficient logistics dispatch routes with high city center idling traffic,Replace aging diesel delivery vans with electric light commercial transport vehicles,Process Optimization,1233.2,279403.8,148191.65,Easy,High,Suggested
GR058,F002,GreenPack Plastics,electricity,High peak-hour grid electricity demand during factory daytime extrusion operations,Install ceramic aerogel thermal insulation blankets on all extruder barrel heaters,Renewable Energy,10791.6,487147.26,439275.31,Easy,High,Suggested
GR059,F002,GreenPack Plastics,plastic scrap,Continuous film edge trims routed into waste dumpsters rather than back into production,Establish centralized heavy-duty shredder and twin-screw compounding pelletizer,Recycle,6070.0,417458.0,85026.42,Medium,High,Suggested
GR060,F002,GreenPack Plastics,water usage,Mineral scale accumulation in open cooling towers causing frequent water blowdowns,Install closed-loop recirculating chiller with plate heat exchangers for calibration baths,Resource Recovery,1823.1,72366.69,79430.42,Easy,Low,Suggested
GR061,F002,GreenPack Plastics,plastic scrap,High polymer purge scrap during color transitions on extrusion lines,Establish centralized heavy-duty shredder and twin-screw compounding pelletizer,Recycle,6898.6,328838.41,133323.22,Medium,High,Implemented
GR062,F002,GreenPack Plastics,water usage,Mineral scale accumulation in open cooling towers causing frequent water blowdowns,Install electro-magnetic water conditioners and dual-media sand filters on cooling towers,Resource Recovery,1181.9,64428.99,67219.03,Easy,Low,Implemented
GR063,F002,GreenPack Plastics,water usage,Mineral scale accumulation in open cooling towers causing frequent water blowdowns,Deploy digital pulse water meters with automated anomaly leak detection alerts,Resource Recovery,1367.2,45795.03,65328.88,Medium,Medium,Suggested
GR064,F002,GreenPack Plastics,diesel generator,Backup diesel generator running during routine grid frequency dips and peak tariff hours,Install hybrid solar-lithium battery storage system to buffer short utility interruptions,Reduce,2735.1,222238.54,128278.52,Hard,High,Suggested
GR065,F002,GreenPack Plastics,diesel generator,Backup diesel generator running during routine grid frequency dips and peak tariff hours,Implement load management sequencing to eliminate generator idling between production runs,Reduce,6836.3,301213.82,183833.31,Hard,High,In Progress
GR066,F002,GreenPack Plastics,plastic scrap,Continuous film edge trims routed into waste dumpsters rather than back into production,Install closed-loop beside-the-press granulators pneumatic re-feeding system,Recycle,6755.0,118425.02,176107.08,Easy,Medium,In Progress
GR067,F002,GreenPack Plastics,transport fuel,Unconsolidated less-than-truckload shipments causing excess diesel van runs,Deploy dynamic route clustering and pallet payload optimization dispatch software,Process Optimization,3776.5,214479.72,203720.49,Easy,High,Implemented
GR068,F002,GreenPack Plastics,virgin plastic,Heavy reliance on virgin high-density polyethylene granules causing high carbon intensity,Incorporate food-grade rPET resin layers in multi-layer co-extrusion thermoforming,Reuse,9712.4,246805.67,160984.82,Medium,High,Suggested
GR069,F002,GreenPack Plastics,water usage,Single-pass cooling water dumped to municipal drain from extruder calibration vacuum tanks,Install electro-magnetic water conditioners and dual-media sand filters on cooling towers,Resource Recovery,1026.4,128095.86,101958.98,Easy,Low,Implemented
GR070,F002,GreenPack Plastics,electricity,Uninsulated electric resistance heater bands on extruder melt cylinders,Install ceramic aerogel thermal insulation blankets on all extruder barrel heaters,Renewable Energy,13966.2,490278.41,239977.07,Medium,Medium,Implemented
GR071,F002,GreenPack Plastics,packaging waste,Excessive cardboard separator sheets damaged during warehouse forklift handling,Deploy water-activated paper tape dispensers eliminating plastic carton sealing tapes,Reuse,2426.5,177115.25,43176.59,Medium,Low,In Progress
GR072,F002,GreenPack Plastics,diesel generator,Sub-optimal diesel fuel combustion caused by uncalibrated mechanical injector pumps,Install hybrid solar-lithium battery storage system to buffer short utility interruptions,Reduce,5202.6,94136.42,258176.2,Hard,Medium,Implemented
GR073,F002,GreenPack Plastics,electricity,High peak-hour grid electricity demand during factory daytime extrusion operations,Retrofit servo-hydraulic pump drives on injection machines cutting motor idle power by 40%,Renewable Energy,12393.9,201605.45,270237.83,Medium,High,Implemented
GR074,F002,GreenPack Plastics,electricity,Hydraulic injection presses equipped with continuous-speed fixed displacement motors,Install 120 kWp rooftop solar PV panels to offset daytime utility grid energy,Renewable Energy,3142.6,591586.8,311096.3,Hard,Medium,In Progress
GR075,F002,GreenPack Plastics,packaging waste,Excessive cardboard separator sheets damaged during warehouse forklift handling,Adopt reusable elastic pallet cargo wrap bands replacing single-use stretch film,Reuse,3629.3,157313.25,55771.05,Medium,Low,Suggested
GR076,F002,GreenPack Plastics,recycled plastic,Inconsistent melt flow index and volatile moisture in sourced recycled plastic flakes,Establish strict incoming optical flake sortation and melt-flow quality gatekeeping,Process Optimization,4080.3,55492.29,46434.77,Medium,Low,Implemented
GR077,F002,GreenPack Plastics,electricity,Uninsulated electric resistance heater bands on extruder melt cylinders,Install 120 kWp rooftop solar PV panels to offset daytime utility grid energy,Renewable Energy,8151.3,319756.37,336199.79,Medium,High,Implemented
GR078,F002,GreenPack Plastics,diesel generator,Sub-optimal diesel fuel combustion caused by uncalibrated mechanical injector pumps,Install hybrid solar-lithium battery storage system to buffer short utility interruptions,Reduce,7450.3,318358.71,117172.63,Medium,Medium,Implemented
GR079,F002,GreenPack Plastics,packaging waste,Single-use polyethylene pallet stretch film and disposable timber skids discarded after shipping,Transition customer deliveries to returnable high-density polyethylene foldable pallet boxes,Reuse,3684.9,84042.28,101254.08,Easy,Low,In Progress
GR080,F002,GreenPack Plastics,electricity,Uninsulated electric resistance heater bands on extruder melt cylinders,Install 120 kWp rooftop solar PV panels to offset daytime utility grid energy,Renewable Energy,11347.1,305090.36,455700.2,Medium,High,In Progress
GR081,F002,GreenPack Plastics,plastic scrap,Continuous film edge trims routed into waste dumpsters rather than back into production,Establish centralized heavy-duty shredder and twin-screw compounding pelletizer,Recycle,8203.4,298168.6,135381.42,Medium,High,Implemented
GR082,F002,GreenPack Plastics,recycled plastic,Inconsistent melt flow index and volatile moisture in sourced recycled plastic flakes,Incorporate specialized reactive chain extenders and thermal stabilizer masterbatches,Process Optimization,4966.9,124053.68,33073.85,Medium,Medium,Implemented
GR083,F002,GreenPack Plastics,recycled plastic,Inconsistent melt flow index and volatile moisture in sourced recycled plastic flakes,Establish strict incoming optical flake sortation and melt-flow quality gatekeeping,Process Optimization,959.8,75749.23,139620.91,Medium,Medium,Suggested
GR084,F002,GreenPack Plastics,virgin plastic,Low proportion of post-consumer recycled content in non-food container blow molding,Incorporate food-grade rPET resin layers in multi-layer co-extrusion thermoforming,Reuse,4995.9,401071.23,128539.16,Medium,High,In Progress
GR085,F002,GreenPack Plastics,packaging waste,Excessive cardboard separator sheets damaged during warehouse forklift handling,Adopt reusable elastic pallet cargo wrap bands replacing single-use stretch film,Reuse,3312.1,123698.47,55309.91,Easy,Low,Suggested
GR086,F002,GreenPack Plastics,recycled plastic,Inconsistent melt flow index and volatile moisture in sourced recycled plastic flakes,Establish strict incoming optical flake sortation and melt-flow quality gatekeeping,Process Optimization,2764.6,232770.91,130924.97,Easy,Medium,Suggested
GR087,F002,GreenPack Plastics,packaging waste,Excessive cardboard separator sheets damaged during warehouse forklift handling,Transition customer deliveries to returnable high-density polyethylene foldable pallet boxes,Reuse,4624.3,143693.43,103802.91,Easy,Low,Suggested
GR088,F002,GreenPack Plastics,virgin plastic,Low proportion of post-consumer recycled content in non-food container blow molding,Substitute 45% of virgin polymer resin with certified post-consumer recycled (PCR) pellets,Reuse,8465.8,492879.51,96942.59,Hard,High,In Progress
GR089,F002,GreenPack Plastics,electricity,Uninsulated electric resistance heater bands on extruder melt cylinders,Install ceramic aerogel thermal insulation blankets on all extruder barrel heaters,Renewable Energy,6982.1,497333.87,371992.73,Medium,High,In Progress
GR090,F002,GreenPack Plastics,diesel generator,Sub-optimal diesel fuel combustion caused by uncalibrated mechanical injector pumps,Perform injector recalibration and fit exhaust particulate filter traps on diesel genset,Reduce,3461.6,254592.71,119464.01,Medium,Medium,Implemented
GR091,F002,GreenPack Plastics,plastic scrap,Accumulation of rejected thermoformed clamshell containers without in-house pulverization,Install closed-loop beside-the-press granulators pneumatic re-feeding system,Recycle,3946.2,403261.7,141743.72,Easy,Medium,In Progress
GR092,F002,GreenPack Plastics,transport fuel,Unconsolidated less-than-truckload shipments causing excess diesel van runs,Replace aging diesel delivery vans with electric light commercial transport vehicles,Process Optimization,4596.9,190042.67,40797.5,Easy,Medium,In Progress
GR093,F002,GreenPack Plastics,transport fuel,Unconsolidated less-than-truckload shipments causing excess diesel van runs,Replace aging diesel delivery vans with electric light commercial transport vehicles,Process Optimization,6173.3,209803.48,112661.45,Medium,Medium,Suggested
GR094,F002,GreenPack Plastics,recycled plastic,Inconsistent melt flow index and volatile moisture in sourced recycled plastic flakes,Incorporate specialized reactive chain extenders and thermal stabilizer masterbatches,Process Optimization,2154.5,70263.6,126264.09,Medium,Medium,Implemented
GR095,F002,GreenPack Plastics,electricity,Hydraulic injection presses equipped with continuous-speed fixed displacement motors,Install ceramic aerogel thermal insulation blankets on all extruder barrel heaters,Renewable Energy,5272.5,502325.65,514391.24,Hard,High,Suggested
GR096,F002,GreenPack Plastics,water usage,Mineral scale accumulation in open cooling towers causing frequent water blowdowns,Install closed-loop recirculating chiller with plate heat exchangers for calibration baths,Resource Recovery,646.8,123270.44,32155.66,Medium,Low,In Progress
GR097,F002,GreenPack Plastics,water usage,Single-pass cooling water dumped to municipal drain from extruder calibration vacuum tanks,Deploy digital pulse water meters with automated anomaly leak detection alerts,Resource Recovery,1000.8,47346.52,61340.54,Easy,Low,Implemented
GR098,F002,GreenPack Plastics,recycled plastic,Inconsistent melt flow index and volatile moisture in sourced recycled plastic flakes,Establish strict incoming optical flake sortation and melt-flow quality gatekeeping,Process Optimization,2044.1,93017.92,90552.22,Easy,Medium,In Progress
GR099,F002,GreenPack Plastics,diesel generator,Sub-optimal diesel fuel combustion caused by uncalibrated mechanical injector pumps,Perform injector recalibration and fit exhaust particulate filter traps on diesel genset,Reduce,5944.1,310665.86,266384.85,Medium,Medium,In Progress
GR100,F002,GreenPack Plastics,recycled plastic,Thermal oxidation of recycled polymer chains causing brittle finished container walls,Establish strict incoming optical flake sortation and melt-flow quality gatekeeping,Process Optimization,4370.4,58551.64,144154.35,Medium,Low,Suggested
GR101,F002,GreenPack Plastics,diesel generator,Sub-optimal diesel fuel combustion caused by uncalibrated mechanical injector pumps,Implement load management sequencing to eliminate generator idling between production runs,Reduce,3820.9,165032.58,77305.74,Hard,Medium,Suggested
GR102,F002,GreenPack Plastics,virgin plastic,Heavy reliance on virgin high-density polyethylene granules causing high carbon intensity,Substitute 45% of virgin polymer resin with certified post-consumer recycled (PCR) pellets,Reuse,7034.9,479863.7,243720.54,Medium,High,In Progress
GR103,F002,GreenPack Plastics,water usage,Single-pass cooling water dumped to municipal drain from extruder calibration vacuum tanks,Install closed-loop recirculating chiller with plate heat exchangers for calibration baths,Resource Recovery,2431.9,57281.94,79847.58,Medium,Medium,Suggested
GR104,F002,GreenPack Plastics,plastic scrap,High polymer purge scrap during color transitions on extrusion lines,Establish centralized heavy-duty shredder and twin-screw compounding pelletizer,Recycle,9664.5,91685.83,156492.31,Medium,Medium,Suggested
GR105,F002,GreenPack Plastics,packaging waste,Excessive cardboard separator sheets damaged during warehouse forklift handling,Adopt reusable elastic pallet cargo wrap bands replacing single-use stretch film,Reuse,3236.8,89776.8,50072.36,Medium,Medium,In Progress
GR106,F002,GreenPack Plastics,virgin plastic,Low proportion of post-consumer recycled content in non-food container blow molding,Substitute 45% of virgin polymer resin with certified post-consumer recycled (PCR) pellets,Reuse,11545.4,311602.53,275742.44,Medium,High,In Progress
GR107,F002,GreenPack Plastics,packaging waste,Single-use polyethylene pallet stretch film and disposable timber skids discarded after shipping,Transition customer deliveries to returnable high-density polyethylene foldable pallet boxes,Reuse,1301.3,113712.99,105008.72,Easy,Medium,Suggested
GR108,F002,GreenPack Plastics,electricity,Uninsulated electric resistance heater bands on extruder melt cylinders,Install ceramic aerogel thermal insulation blankets on all extruder barrel heaters,Renewable Energy,7472.2,432220.9,380718.16,Easy,Medium,In Progress
GR109,F002,GreenPack Plastics,recycled plastic,Thermal oxidation of recycled polymer chains causing brittle finished container walls,Deploy vacuum desiccant hopper dryers ensuring constant dew-point moisture extraction,Process Optimization,3082.2,142144.58,46251.33,Medium,Medium,Suggested
GR110,F002,GreenPack Plastics,water usage,Single-pass cooling water dumped to municipal drain from extruder calibration vacuum tanks,Deploy digital pulse water meters with automated anomaly leak detection alerts,Resource Recovery,350.5,147275.13,50181.61,Easy,Low,In Progress
GR111,F002,GreenPack Plastics,diesel generator,Backup diesel generator running during routine grid frequency dips and peak tariff hours,Perform injector recalibration and fit exhaust particulate filter traps on diesel genset,Reduce,1299.1,258982.1,101681.09,Medium,High,In Progress
GR112,F002,GreenPack Plastics,electricity,Uninsulated electric resistance heater bands on extruder melt cylinders,Retrofit servo-hydraulic pump drives on injection machines cutting motor idle power by 40%,Renewable Energy,13005.5,649269.46,261991.03,Easy,Medium,Suggested
GR113,F002,GreenPack Plastics,diesel generator,Backup diesel generator running during routine grid frequency dips and peak tariff hours,Implement load management sequencing to eliminate generator idling between production runs,Reduce,6897.9,191306.97,79171.02,Hard,Medium,Suggested
GR114,F002,GreenPack Plastics,water usage,Single-pass cooling water dumped to municipal drain from extruder calibration vacuum tanks,Install electro-magnetic water conditioners and dual-media sand filters on cooling towers,Resource Recovery,1688.8,68532.91,34850.27,Medium,Medium,Suggested
GR115,F002,GreenPack Plastics,virgin plastic,High raw polymer resin purchasing expenditure prone to petrochemical price swings,Substitute 45% of virgin polymer resin with certified post-consumer recycled (PCR) pellets,Reuse,13654.1,449961.98,149779.44,Medium,High,Implemented
GR116,F002,GreenPack Plastics,plastic scrap,Accumulation of rejected thermoformed clamshell containers without in-house pulverization,Implement rapid chemical purge compound protocols cutting color changeover scrap by 60%,Recycle,8440.9,200793.83,124370.64,Easy,High,In Progress
GR117,F002,GreenPack Plastics,transport fuel,Unconsolidated less-than-truckload shipments causing excess diesel van runs,Implement telematics coaching for driver eco-driving and tire pressure monitoring,Process Optimization,5685.9,327517.55,152508.34,Medium,High,In Progress
GR118,F002,GreenPack Plastics,transport fuel,Unconsolidated less-than-truckload shipments causing excess diesel van runs,Deploy dynamic route clustering and pallet payload optimization dispatch software,Process Optimization,2238.1,232874.68,73422.78,Easy,High,In Progress
GR119,F002,GreenPack Plastics,water usage,Single-pass cooling water dumped to municipal drain from extruder calibration vacuum tanks,Install closed-loop recirculating chiller with plate heat exchangers for calibration baths,Resource Recovery,2441.8,89711.16,84847.38,Medium,Low,Suggested
GR120,F002,GreenPack Plastics,plastic scrap,Continuous film edge trims routed into waste dumpsters rather than back into production,Establish centralized heavy-duty shredder and twin-screw compounding pelletizer,Recycle,6378.8,133413.05,147611.81,Easy,Medium,In Progress
GR121,F002,GreenPack Plastics,packaging waste,Excessive cardboard separator sheets damaged during warehouse forklift handling,Adopt reusable elastic pallet cargo wrap bands replacing single-use stretch film,Reuse,2170.5,45919.28,83612.95,Easy,Medium,Suggested
GR122,F002,GreenPack Plastics,virgin plastic,Heavy reliance on virgin high-density polyethylene granules causing high carbon intensity,Incorporate food-grade rPET resin layers in multi-layer co-extrusion thermoforming,Reuse,12274.7,128427.83,130305.3,Medium,High,In Progress
GR123,F002,GreenPack Plastics,diesel generator,Backup diesel generator running during routine grid frequency dips and peak tariff hours,Perform injector recalibration and fit exhaust particulate filter traps on diesel genset,Reduce,4953.1,206435.25,132858.02,Hard,Medium,In Progress
GR124,F002,GreenPack Plastics,recycled plastic,Thermal oxidation of recycled polymer chains causing brittle finished container walls,Deploy vacuum desiccant hopper dryers ensuring constant dew-point moisture extraction,Process Optimization,3088.6,60867.63,70270.91,Medium,Medium,In Progress
GR125,F002,GreenPack Plastics,recycled plastic,Inconsistent melt flow index and volatile moisture in sourced recycled plastic flakes,Deploy vacuum desiccant hopper dryers ensuring constant dew-point moisture extraction,Process Optimization,2634.6,141505.42,45652.23,Easy,Low,In Progress
GR126,F002,GreenPack Plastics,recycled plastic,Thermal oxidation of recycled polymer chains causing brittle finished container walls,Establish strict incoming optical flake sortation and melt-flow quality gatekeeping,Process Optimization,1055.3,213212.66,98026.91,Easy,Medium,In Progress
GR127,F002,GreenPack Plastics,water usage,Single-pass cooling water dumped to municipal drain from extruder calibration vacuum tanks,Install closed-loop recirculating chiller with plate heat exchangers for calibration baths,Resource Recovery,2455.5,148588.87,119567.05,Easy,Low,Suggested
GR128,F002,GreenPack Plastics,plastic scrap,Continuous film edge trims routed into waste dumpsters rather than back into production,Install closed-loop beside-the-press granulators pneumatic re-feeding system,Recycle,4022.4,103899.65,59322.1,Easy,Medium,Suggested
GR129,F002,GreenPack Plastics,recycled plastic,Thermal oxidation of recycled polymer chains causing brittle finished container walls,Incorporate specialized reactive chain extenders and thermal stabilizer masterbatches,Process Optimization,4000.3,76977.77,105381.0,Medium,Low,Implemented
GR130,F002,GreenPack Plastics,virgin plastic,High raw polymer resin purchasing expenditure prone to petrochemical price swings,Incorporate food-grade rPET resin layers in multi-layer co-extrusion thermoforming,Reuse,5020.9,432434.04,280006.48,Medium,High,Suggested
GR131,F002,GreenPack Plastics,electricity,Hydraulic injection presses equipped with continuous-speed fixed displacement motors,Install 120 kWp rooftop solar PV panels to offset daytime utility grid energy,Renewable Energy,8445.7,267300.49,443342.54,Hard,Medium,Suggested
GR132,F002,GreenPack Plastics,water usage,Mineral scale accumulation in open cooling towers causing frequent water blowdowns,Install electro-magnetic water conditioners and dual-media sand filters on cooling towers,Resource Recovery,1869.3,34001.04,72155.3,Easy,Medium,In Progress
GR133,F002,GreenPack Plastics,water usage,Mineral scale accumulation in open cooling towers causing frequent water blowdowns,Install closed-loop recirculating chiller with plate heat exchangers for calibration baths,Resource Recovery,791.9,67987.97,49681.05,Easy,Low,Suggested
GR134,F002,GreenPack Plastics,packaging waste,Excessive cardboard separator sheets damaged during warehouse forklift handling,Transition customer deliveries to returnable high-density polyethylene foldable pallet boxes,Reuse,1994.8,110326.01,69893.83,Medium,Low,Suggested
GR135,F002,GreenPack Plastics,electricity,Hydraulic injection presses equipped with continuous-speed fixed displacement motors,Retrofit servo-hydraulic pump drives on injection machines cutting motor idle power by 40%,Renewable Energy,4788.1,650305.78,205140.17,Hard,Medium,Suggested
GR136,F002,GreenPack Plastics,transport fuel,Inefficient logistics dispatch routes with high city center idling traffic,Deploy dynamic route clustering and pallet payload optimization dispatch software,Process Optimization,4833.1,241640.9,197731.08,Easy,High,Implemented
GR137,F002,GreenPack Plastics,plastic scrap,Continuous film edge trims routed into waste dumpsters rather than back into production,Establish centralized heavy-duty shredder and twin-screw compounding pelletizer,Recycle,9525.6,133649.76,167940.28,Medium,High,Suggested
GR138,F002,GreenPack Plastics,recycled plastic,Thermal oxidation of recycled polymer chains causing brittle finished container walls,Establish strict incoming optical flake sortation and melt-flow quality gatekeeping,Process Optimization,3532.3,134602.08,103346.17,Medium,Low,Implemented
GR139,F002,GreenPack Plastics,virgin plastic,High raw polymer resin purchasing expenditure prone to petrochemical price swings,Substitute 45% of virgin polymer resin with certified post-consumer recycled (PCR) pellets,Reuse,13854.3,546831.71,117696.82,Hard,High,Implemented
GR140,F002,GreenPack Plastics,plastic scrap,Accumulation of rejected thermoformed clamshell containers without in-house pulverization,Install closed-loop beside-the-press granulators pneumatic re-feeding system,Recycle,6774.7,149978.4,180263.34,Medium,Medium,Suggested
GR141,F002,GreenPack Plastics,electricity,High peak-hour grid electricity demand during factory daytime extrusion operations,Retrofit servo-hydraulic pump drives on injection machines cutting motor idle power by 40%,Renewable Energy,9103.5,644701.68,298964.19,Hard,High,In Progress
GR142,F002,GreenPack Plastics,packaging waste,Single-use polyethylene pallet stretch film and disposable timber skids discarded after shipping,Deploy water-activated paper tape dispensers eliminating plastic carton sealing tapes,Reuse,3815.6,125709.34,108817.03,Easy,Low,In Progress
GR143,F002,GreenPack Plastics,electricity,High peak-hour grid electricity demand during factory daytime extrusion operations,Install 120 kWp rooftop solar PV panels to offset daytime utility grid energy,Renewable Energy,13479.5,647492.41,438933.5,Hard,Medium,Suggested
GR144,F002,GreenPack Plastics,diesel generator,Sub-optimal diesel fuel combustion caused by uncalibrated mechanical injector pumps,Implement load management sequencing to eliminate generator idling between production runs,Reduce,6454.9,297704.23,228415.99,Medium,Medium,Suggested
GR145,F002,GreenPack Plastics,packaging waste,Excessive cardboard separator sheets damaged during warehouse forklift handling,Transition customer deliveries to returnable high-density polyethylene foldable pallet boxes,Reuse,4410.1,180359.96,103612.59,Easy,Low,Suggested
GR146,F002,GreenPack Plastics,plastic scrap,High polymer purge scrap during color transitions on extrusion lines,Implement rapid chemical purge compound protocols cutting color changeover scrap by 60%,Recycle,7962.4,411159.3,135422.24,Easy,High,Suggested
GR147,F002,GreenPack Plastics,electricity,High peak-hour grid electricity demand during factory daytime extrusion operations,Install ceramic aerogel thermal insulation blankets on all extruder barrel heaters,Renewable Energy,12297.8,612896.02,422184.78,Hard,Medium,Implemented
GR148,F002,GreenPack Plastics,virgin plastic,High raw polymer resin purchasing expenditure prone to petrochemical price swings,Down-gauge packaging container wall thickness by 18% through micro-cellular foaming,Reuse,11791.8,407641.73,156013.01,Hard,High,In Progress
GR149,F002,GreenPack Plastics,transport fuel,Inefficient logistics dispatch routes with high city center idling traffic,Replace aging diesel delivery vans with electric light commercial transport vehicles,Process Optimization,5023.2,225788.97,70057.09,Medium,High,Implemented
GR150,F002,GreenPack Plastics,packaging waste,Excessive cardboard separator sheets damaged during warehouse forklift handling,Transition customer deliveries to returnable high-density polyethylene foldable pallet boxes,Reuse,4348.6,77717.61,98126.21,Easy,Medium,Suggested
GR151,F002,GreenPack Plastics,diesel generator,Backup diesel generator running during routine grid frequency dips and peak tariff hours,Install hybrid solar-lithium battery storage system to buffer short utility interruptions,Reduce,3252.4,118633.82,154173.12,Hard,High,In Progress
GR152,F002,GreenPack Plastics,electricity,Hydraulic injection presses equipped with continuous-speed fixed displacement motors,Install ceramic aerogel thermal insulation blankets on all extruder barrel heaters,Renewable Energy,13614.1,327447.53,398532.23,Hard,High,Suggested
GR153,F002,GreenPack Plastics,diesel generator,Backup diesel generator running during routine grid frequency dips and peak tariff hours,Perform injector recalibration and fit exhaust particulate filter traps on diesel genset,Reduce,6525.7,125087.54,150525.15,Medium,Medium,In Progress
GR154,F002,GreenPack Plastics,water usage,Mineral scale accumulation in open cooling towers causing frequent water blowdowns,Install electro-magnetic water conditioners and dual-media sand filters on cooling towers,Resource Recovery,2360.1,138535.81,107930.91,Medium,Medium,In Progress
GR155,F002,GreenPack Plastics,packaging waste,Excessive cardboard separator sheets damaged during warehouse forklift handling,Adopt reusable elastic pallet cargo wrap bands replacing single-use stretch film,Reuse,4181.7,185169.02,88458.61,Easy,Medium,In Progress
GR156,F002,GreenPack Plastics,virgin plastic,Low proportion of post-consumer recycled content in non-food container blow molding,Incorporate food-grade rPET resin layers in multi-layer co-extrusion thermoforming,Reuse,9942.2,515068.09,294658.75,Medium,High,In Progress
GR157,F002,GreenPack Plastics,diesel generator,Backup diesel generator running during routine grid frequency dips and peak tariff hours,Implement load management sequencing to eliminate generator idling between production runs,Reduce,4702.9,93404.54,186549.08,Medium,Medium,Implemented
GR158,F002,GreenPack Plastics,transport fuel,Unconsolidated less-than-truckload shipments causing excess diesel van runs,Implement telematics coaching for driver eco-driving and tire pressure monitoring,Process Optimization,2753.3,168589.1,196229.17,Medium,High,Suggested
GR159,F002,GreenPack Plastics,diesel generator,Sub-optimal diesel fuel combustion caused by uncalibrated mechanical injector pumps,Install hybrid solar-lithium battery storage system to buffer short utility interruptions,Reduce,6098.8,230331.36,138255.68,Medium,High,Suggested
GR160,F002,GreenPack Plastics,packaging waste,Single-use polyethylene pallet stretch film and disposable timber skids discarded after shipping,Deploy water-activated paper tape dispensers eliminating plastic carton sealing tapes,Reuse,2738.5,103225.37,63305.54,Easy,Medium,Implemented
GR161,F002,GreenPack Plastics,diesel generator,Backup diesel generator running during routine grid frequency dips and peak tariff hours,Perform injector recalibration and fit exhaust particulate filter traps on diesel genset,Reduce,1332.9,339817.75,148794.61,Hard,Medium,In Progress
GR162,F002,GreenPack Plastics,diesel generator,Backup diesel generator running during routine grid frequency dips and peak tariff hours,Perform injector recalibration and fit exhaust particulate filter traps on diesel genset,Reduce,3962.8,180837.79,83787.7,Medium,Medium,In Progress
GR163,F002,GreenPack Plastics,water usage,Mineral scale accumulation in open cooling towers causing frequent water blowdowns,Deploy digital pulse water meters with automated anomaly leak detection alerts,Resource Recovery,1468.5,102194.77,50365.29,Easy,Low,In Progress
GR164,F002,GreenPack Plastics,recycled plastic,Thermal oxidation of recycled polymer chains causing brittle finished container walls,Deploy vacuum desiccant hopper dryers ensuring constant dew-point moisture extraction,Process Optimization,2025.2,117331.69,158613.52,Easy,Medium,Suggested
GR165,F002,GreenPack Plastics,packaging waste,Single-use polyethylene pallet stretch film and disposable timber skids discarded after shipping,Transition customer deliveries to returnable high-density polyethylene foldable pallet boxes,Reuse,1032.6,166030.3,87067.14,Medium,Medium,Suggested
GR166,F002,GreenPack Plastics,water usage,Mineral scale accumulation in open cooling towers causing frequent water blowdowns,Install closed-loop recirculating chiller with plate heat exchangers for calibration baths,Resource Recovery,980.6,94660.44,51672.59,Medium,Medium,In Progress
GR167,F002,GreenPack Plastics,packaging waste,Single-use polyethylene pallet stretch film and disposable timber skids discarded after shipping,Deploy water-activated paper tape dispensers eliminating plastic carton sealing tapes,Reuse,2922.4,119845.51,59452.49,Easy,Medium,Implemented
GR168,F002,GreenPack Plastics,plastic scrap,Continuous film edge trims routed into waste dumpsters rather than back into production,Implement rapid chemical purge compound protocols cutting color changeover scrap by 60%,Recycle,6045.4,214811.41,80510.47,Medium,Medium,In Progress
GR169,F002,GreenPack Plastics,diesel generator,Sub-optimal diesel fuel combustion caused by uncalibrated mechanical injector pumps,Perform injector recalibration and fit exhaust particulate filter traps on diesel genset,Reduce,6427.6,85233.5,249949.16,Medium,Medium,In Progress
GR170,F002,GreenPack Plastics,plastic scrap,Accumulation of rejected thermoformed clamshell containers without in-house pulverization,Establish centralized heavy-duty shredder and twin-screw compounding pelletizer,Recycle,9197.6,119677.68,185618.44,Medium,Medium,Suggested
GR171,F002,GreenPack Plastics,transport fuel,Unconsolidated less-than-truckload shipments causing excess diesel van runs,Implement telematics coaching for driver eco-driving and tire pressure monitoring,Process Optimization,3274.9,60477.13,93651.02,Medium,Medium,In Progress
GR172,F002,GreenPack Plastics,transport fuel,Inefficient logistics dispatch routes with high city center idling traffic,Replace aging diesel delivery vans with electric light commercial transport vehicles,Process Optimization,1223.5,150123.64,70782.82,Easy,Medium,Implemented
GR173,F002,GreenPack Plastics,plastic scrap,Continuous film edge trims routed into waste dumpsters rather than back into production,Implement rapid chemical purge compound protocols cutting color changeover scrap by 60%,Recycle,6870.4,329166.66,69917.68,Medium,High,In Progress
GR174,F002,GreenPack Plastics,packaging waste,Single-use polyethylene pallet stretch film and disposable timber skids discarded after shipping,Deploy water-activated paper tape dispensers eliminating plastic carton sealing tapes,Reuse,3661.8,126328.76,85363.95,Easy,Low,Suggested
GR175,F002,GreenPack Plastics,packaging waste,Single-use polyethylene pallet stretch film and disposable timber skids discarded after shipping,Transition customer deliveries to returnable high-density polyethylene foldable pallet boxes,Reuse,2952.1,115087.17,44989.48,Medium,Medium,In Progress
GR176,F002,GreenPack Plastics,diesel generator,Sub-optimal diesel fuel combustion caused by uncalibrated mechanical injector pumps,Perform injector recalibration and fit exhaust particulate filter traps on diesel genset,Reduce,2549.8,195230.69,251684.85,Hard,High,Suggested
GR177,F002,GreenPack Plastics,electricity,Hydraulic injection presses equipped with continuous-speed fixed displacement motors,Retrofit servo-hydraulic pump drives on injection machines cutting motor idle power by 40%,Renewable Energy,3879.2,574995.05,443639.81,Easy,High,In Progress
GR178,F002,GreenPack Plastics,electricity,Hydraulic injection presses equipped with continuous-speed fixed displacement motors,Install 120 kWp rooftop solar PV panels to offset daytime utility grid energy,Renewable Energy,5043.9,453931.23,163970.93,Medium,Medium,Suggested
GR179,F002,GreenPack Plastics,recycled plastic,Inconsistent melt flow index and volatile moisture in sourced recycled plastic flakes,Establish strict incoming optical flake sortation and melt-flow quality gatekeeping,Process Optimization,3748.3,168706.17,133299.18,Medium,Low,In Progress
GR180,F002,GreenPack Plastics,recycled plastic,Thermal oxidation of recycled polymer chains causing brittle finished container walls,Deploy vacuum desiccant hopper dryers ensuring constant dew-point moisture extraction,Process Optimization,1492.3,119821.52,41664.17,Medium,Medium,In Progress
GR181,F002,GreenPack Plastics,electricity,Uninsulated electric resistance heater bands on extruder melt cylinders,Retrofit servo-hydraulic pump drives on injection machines cutting motor idle power by 40%,Renewable Energy,9907.2,257062.47,257143.94,Medium,Medium,In Progress
GR182,F002,GreenPack Plastics,packaging waste,Single-use polyethylene pallet stretch film and disposable timber skids discarded after shipping,Deploy water-activated paper tape dispensers eliminating plastic carton sealing tapes,Reuse,1920.9,73170.53,40527.4,Medium,Medium,Suggested
GR183,F002,GreenPack Plastics,transport fuel,Inefficient logistics dispatch routes with high city center idling traffic,Deploy dynamic route clustering and pallet payload optimization dispatch software,Process Optimization,2562.2,149314.83,142115.68,Medium,Medium,In Progress
GR184,F002,GreenPack Plastics,virgin plastic,High raw polymer resin purchasing expenditure prone to petrochemical price swings,Substitute 45% of virgin polymer resin with certified post-consumer recycled (PCR) pellets,Reuse,11245.9,146484.57,259323.8,Medium,High,In Progress
GR185,F002,GreenPack Plastics,plastic scrap,Accumulation of rejected thermoformed clamshell containers without in-house pulverization,Install closed-loop beside-the-press granulators pneumatic re-feeding system,Recycle,1970.5,284332.76,98764.26,Medium,Medium,Suggested
GR186,F002,GreenPack Plastics,plastic scrap,High polymer purge scrap during color transitions on extrusion lines,Establish centralized heavy-duty shredder and twin-screw compounding pelletizer,Recycle,1603.9,232698.31,74296.62,Easy,Medium,In Progress
GR187,F002,GreenPack Plastics,water usage,Mineral scale accumulation in open cooling towers causing frequent water blowdowns,Deploy digital pulse water meters with automated anomaly leak detection alerts,Resource Recovery,2542.9,78075.37,38332.86,Medium,Medium,Suggested
GR188,F002,GreenPack Plastics,packaging waste,Excessive cardboard separator sheets damaged during warehouse forklift handling,Adopt reusable elastic pallet cargo wrap bands replacing single-use stretch film,Reuse,1410.7,171029.92,75752.34,Medium,Low,In Progress
GR189,F002,GreenPack Plastics,packaging waste,Excessive cardboard separator sheets damaged during warehouse forklift handling,Transition customer deliveries to returnable high-density polyethylene foldable pallet boxes,Reuse,1998.4,155643.99,106616.58,Easy,Low,Suggested
GR190,F002,GreenPack Plastics,diesel generator,Sub-optimal diesel fuel combustion caused by uncalibrated mechanical injector pumps,Install hybrid solar-lithium battery storage system to buffer short utility interruptions,Reduce,4198.0,292563.34,190836.04,Hard,High,Suggested
GR191,F002,GreenPack Plastics,recycled plastic,Thermal oxidation of recycled polymer chains causing brittle finished container walls,Deploy vacuum desiccant hopper dryers ensuring constant dew-point moisture extraction,Process Optimization,2124.3,208229.41,153452.15,Easy,Medium,Suggested
GR192,F002,GreenPack Plastics,plastic scrap,High polymer purge scrap during color transitions on extrusion lines,Implement rapid chemical purge compound protocols cutting color changeover scrap by 60%,Recycle,7695.2,139172.16,82938.03,Easy,Medium,In Progress
GR193,F002,GreenPack Plastics,plastic scrap,High polymer purge scrap during color transitions on extrusion lines,Implement rapid chemical purge compound protocols cutting color changeover scrap by 60%,Recycle,2639.7,283188.22,58282.81,Medium,Medium,Suggested
GR194,F002,GreenPack Plastics,electricity,Uninsulated electric resistance heater bands on extruder melt cylinders,Install 120 kWp rooftop solar PV panels to offset daytime utility grid energy,Renewable Energy,6523.4,188516.87,171998.66,Hard,Medium,Suggested
GR195,F002,GreenPack Plastics,recycled plastic,Thermal oxidation of recycled polymer chains causing brittle finished container walls,Establish strict incoming optical flake sortation and melt-flow quality gatekeeping,Process Optimization,2755.0,217556.52,128672.75,Medium,Medium,Implemented
GR196,F002,GreenPack Plastics,packaging waste,Single-use polyethylene pallet stretch film and disposable timber skids discarded after shipping,Deploy water-activated paper tape dispensers eliminating plastic carton sealing tapes,Reuse,1211.6,76948.88,61341.1,Easy,Medium,Suggested
GR197,F002,GreenPack Plastics,recycled plastic,Thermal oxidation of recycled polymer chains causing brittle finished container walls,Incorporate specialized reactive chain extenders and thermal stabilizer masterbatches,Process Optimization,1864.5,215996.21,42099.04,Medium,Medium,Suggested
GR198,F002,GreenPack Plastics,plastic scrap,Continuous film edge trims routed into waste dumpsters rather than back into production,Implement rapid chemical purge compound protocols cutting color changeover scrap by 60%,Recycle,8066.5,138742.33,44500.49,Easy,Medium,In Progress
GR199,F002,GreenPack Plastics,plastic scrap,Continuous film edge trims routed into waste dumpsters rather than back into production,Implement rapid chemical purge compound protocols cutting color changeover scrap by 60%,Recycle,3488.2,169805.32,122176.89,Easy,High,Implemented
GR200,F002,GreenPack Plastics,diesel generator,Sub-optimal diesel fuel combustion caused by uncalibrated mechanical injector pumps,Install hybrid solar-lithium battery storage system to buffer short utility interruptions,Reduce,4352.3,310711.5,164571.27,Hard,High,In Progress
